"","x"
"1","nube"
"2","nube"
"3","multinube"
"4","nube"
"5","nube"
"6","nube"
"7","nube"
"8","multinube"
"9","nube"
"10","nube"
"11","multinube"
"12","multinube"
"13","multinube"
"14","multinube"
"15","multinube"
"16","nube"
"17","multinube"
"18","nube"
"19","nube"
"20","nube"
"21","nube"
"22","multinube"
"23","nube"
"24","nube"
"25","nube"
"26","nube"
"27","nube"
"28","nube"
"29","nube"
"30","nube"
"31","nube"
"32","nube"
"33","nube"
"34","nube"
"35","nube"
"36","nube"
"37","nube"
"38","nube"
"39","nube"
"40","nube"
"41","multinube"
"42","nube"
"43","nube"
"44","nube"
"45","multinube"
"46","nube"
"47","nube"
"48","nube"
"49","multinube"
"50","nube"
"51","nube"
"52","multinube"
"53","nube"
"54","nube"
"55","nube"
"56","nube"
"57","nube"
"58","multinube"
"59","nube"
"60","nube"
"61","nube"
"62","multinube"
"63","nube"
"64","nube"
"65","nube"
"66","multinube"
"67","multinube"
"68","nube"
"69","nube"
"70","nube"
"71","nube"
"72","nube"
"73","nube"
"74","nube"
"75","nube"
"76","nube"
"77","nube"
"78","multinube"
"79","nube"
"80","nube"
"81","nube"
"82","nube"
"83","nube"
"84","multinube"
"85","nube"
"86","nube"
"87","nube"
"88","multinube"
"89","multinube"
"90","multinube"
"91","nube"
"92","multinube"
"93","multinube"
"94","multinube"
"95","nube"
"96","multinube"
"97","nube"
"98","nube"
"99","nube"
"100","nube"
"101","multinube"
"102","nube"
"103","nube"
"104","nube"
"105","nube"
"106","nube"
"107","nube"
"108","nube"
"109","nube"
"110","nube"
"111","multinube"
"112","nube"
"113","nube"
"114","nube"
"115","nube"
"116","nube"
"117","multinube"
"118","multinube"
"119","nube"
"120","nube"
"121","nube"
"122","nube"
"123","nube"
"124","multinube"
"125","nube"
"126","multinube"
"127","nube"
"128","nube"
"129","nube"
"130","multinube"
"131","multinube"
"132","nube"
"133","nube"
"134","nube"
"135","nube"
"136","multinube"
"137","multinube"
"138","nube"
"139","nube"
"140","nube"
"141","nube"
"142","nube"
"143","multinube"
"144","nube"
"145","nube"
"146","nube"
"147","nube"
"148","multinube"
"149","multinube"
"150","nube"
"151","multinube"
"152","multinube"
"153","multinube"
"154","nube"
"155","multinube"
"156","multinube"
"157","nube"
"158","nube"
"159","multinube"
"160","nube"
"161","nube"
"162","nube"
"163","nube"
"164","nube"
"165","nube"
"166","nube"
"167","nube"
"168","nube"
"169","cieloDespejado"
"170","cieloDespejado"
"171","nube"
"172","cieloDespejado"
"173","nube"
"174","nube"
"175","cieloDespejado"
"176","cieloDespejado"
"177","cieloDespejado"
"178","cieloDespejado"
"179","cieloDespejado"
"180","cieloDespejado"
